document_number,title,type,action,publication_date,effective_on,comments_close_on,agencies,docket_ids,html_url,pdf_url,has_full_text
2026-17056,Airworthiness Directives; The Boeing Company Airplanes,Proposed Rule,Notice of proposed rulemaking (NPRM).,2026-08-20,,2026-10-05,Transportation Department; Federal Aviation Administration,Docket No. FAA-2026-8784; Project Identifier AD-2026-00202-T,https://www.federalregister.gov/documents/2026/08/20/2026-17056/airworthiness-directives-the-boeing-company-airplanes,https://www.govinfo.gov/content/pkg/FR-2026-08-20/pdf/2026-17056.pdf,True
2026-17046,Certain Wireless Communications Devices and Components Thereof; Notice of Request for Submissions on the Public Interest,Notice,Notice.,2026-08-20,,,International Trade Commission,Investigation No. 337-TA-1429,https://www.federalregister.gov/documents/2026/08/20/2026-17046/certain-wireless-communications-devices-and-components-thereof-notice-of-request-for-submissions-on,https://www.govinfo.gov/content/pkg/FR-2026-08-20/pdf/2026-17046.pdf,True
2026-17044,Codex Alimentarius Commission: Meeting of the Codex Committee on Milk and Milk Products,Notice,Notice of public meeting and request for comments.,2026-08-20,,,Agriculture Department; U.S. Codex Office,,https://www.federalregister.gov/documents/2026/08/20/2026-17044/codex-alimentarius-commission-meeting-of-the-codex-committee-on-milk-and-milk-products,https://www.govinfo.gov/content/pkg/FR-2026-08-20/pdf/2026-17044.pdf,True
2026-17043,Agency Forms Undergoing Paperwork Reduction Act Review,Notice,,2026-08-20,,,Health and Human Services Department; Centers for Disease Control and Prevention,30Day-26-1193,https://www.federalregister.gov/documents/2026/08/20/2026-17043/agency-forms-undergoing-paperwork-reduction-act-review,https://www.govinfo.gov/content/pkg/FR-2026-08-20/pdf/2026-17043.pdf,True
2026-17042,Small Business Size Standards,Proposed Rule,Proposed rule.,2026-08-20,,2026-09-21,Small Business Administration,,https://www.federalregister.gov/documents/2026/08/20/2026-17042/small-business-size-standards,https://www.govinfo.gov/content/pkg/FR-2026-08-20/pdf/2026-17042.pdf,True
2026-17041,Codex Alimentarius Commission: Meeting of the Codex Committee on Contaminants in Foods (CCCF),Notice,Notice of public meeting and request for comments.,2026-08-20,,,Agriculture Department; U.S. Codex Office,,https://www.federalregister.gov/documents/2026/08/20/2026-17041/codex-alimentarius-commission-meeting-of-the-codex-committee-on-contaminants-in-foods-cccf,https://www.govinfo.gov/content/pkg/FR-2026-08-20/pdf/2026-17041.pdf,True
2026-17040,Proposed Data Collection Submitted for Public Comment and Recommendations,Notice,Notice with comment period.,2026-08-20,,2026-10-19,Health and Human Services Department; Centers for Disease Control and Prevention,60Day-26-0214; Docket No. CDC-2026-1387,https://www.federalregister.gov/documents/2026/08/20/2026-17040/proposed-data-collection-submitted-for-public-comment-and-recommendations,https://www.govinfo.gov/content/pkg/FR-2026-08-20/pdf/2026-17040.pdf,True
2026-17039,Small Business Size Standards: Revised Size Standards Methodology,Proposed Rule,Notice of availability of Revised Size Standards Methodology for comments.,2026-08-20,,2026-09-21,Small Business Administration,,https://www.federalregister.gov/documents/2026/08/20/2026-17039/small-business-size-standards-revised-size-standards-methodology,https://www.govinfo.gov/content/pkg/FR-2026-08-20/pdf/2026-17039.pdf,True
2026-17038,Initiation of Antidumping and Countervailing Duty Administrative Reviews; Correction,Notice,Notice; correction.,2026-08-20,,,Commerce Department; International Trade Administration,,https://www.federalregister.gov/documents/2026/08/20/2026-17038/initiation-of-antidumping-and-countervailing-duty-administrative-reviews-correction,https://www.govinfo.gov/content/pkg/FR-2026-08-20/pdf/2026-17038.pdf,True
2026-17037,Proposed Data Collection Submitted for Public Comment and Recommendations,Notice,Notice with comment period.,2026-08-20,,2026-10-19,Health and Human Services Department; Centers for Disease Control and Prevention,60Day-26-1461; Docket No. CDC-2026-1420,https://www.federalregister.gov/documents/2026/08/20/2026-17037/proposed-data-collection-submitted-for-public-comment-and-recommendations,https://www.govinfo.gov/content/pkg/FR-2026-08-20/pdf/2026-17037.pdf,True
2026-17036,Codex Alimentarius Commission: Meeting of the Codex Committee on Food Import and Export Inspection and Certification Systems,Notice,Notice of public meeting and request for comments.,2026-08-20,,,Agriculture Department; U.S. Codex Office,,https://www.federalregister.gov/documents/2026/08/20/2026-17036/codex-alimentarius-commission-meeting-of-the-codex-committee-on-food-import-and-export-inspection,https://www.govinfo.gov/content/pkg/FR-2026-08-20/pdf/2026-17036.pdf,True
2026-17035,Agency Information Collection Activity Under OMB Review: National Transit Database (NTD),Notice,Notice of request for comments.,2026-08-20,,2026-09-21,Transportation Department; Federal Transit Administration,FTA Docket No. FTA 2026-0265,https://www.federalregister.gov/documents/2026/08/20/2026-17035/agency-information-collection-activity-under-omb-review-national-transit-database-ntd,https://www.govinfo.gov/content/pkg/FR-2026-08-20/pdf/2026-17035.pdf,True
2026-17034,"Notice of Extension of the Deadline for Determining the Adequacy of the Antidumping and Countervailing Duty Petitions: Certain Linear Hydraulic Cylinders and Parts Thereof From Canada, the People's Republic of China, India, the Republic of Korea, and Mexico",Notice,,2026-08-20,,,Commerce Department; International Trade Administration,"A-122-879, A-570-240, A-533-952, A-580-923, A-201-870, C-570-241, C-533-953, C-201-871",https://www.federalregister.gov/documents/2026/08/20/2026-17034/notice-of-extension-of-the-deadline-for-determining-the-adequacy-of-the-antidumping-and,https://www.govinfo.gov/content/pkg/FR-2026-08-20/pdf/2026-17034.pdf,True
2026-17033,Light-Walled Rectangular Pipe and Tube From Mexico: Final Results of Antidumping Duty Administrative Review; 2023-2024,Notice,,2026-08-20,,,Commerce Department; International Trade Administration,A-201-836,https://www.federalregister.gov/documents/2026/08/20/2026-17033/light-walled-rectangular-pipe-and-tube-from-mexico-final-results-of-antidumping-duty-administrative,https://www.govinfo.gov/content/pkg/FR-2026-08-20/pdf/2026-17033.pdf,True
2026-17032,Stainless Steel Flanges From India: Final Results of Antidumping Duty Administrative Review; 2023-2024,Notice,,2026-08-20,,,Commerce Department; International Trade Administration,A-533-877,https://www.federalregister.gov/documents/2026/08/20/2026-17032/stainless-steel-flanges-from-india-final-results-of-antidumping-duty-administrative-review-2023-2024,https://www.govinfo.gov/content/pkg/FR-2026-08-20/pdf/2026-17032.pdf,True
2026-17031,"Certain Large Vertical Shaft Engines Between 225cc and 999cc, and Parts Thereof From the People's Republic of China: Continuation of Antidumping Duty Order and Countervailing Duty Order",Notice,,2026-08-20,,,Commerce Department; International Trade Administration,"A-570-119, C-570-120",https://www.federalregister.gov/documents/2026/08/20/2026-17031/certain-large-vertical-shaft-engines-between-225cc-and-999cc-and-parts-thereof-from-the-peoples,https://www.govinfo.gov/content/pkg/FR-2026-08-20/pdf/2026-17031.pdf,True
2026-17030,Draft Regulatory Guide: Comprehensive Risk Metrics and Associated Risk Performance Objectives for Commercial Nuclear Plants,Notice,Draft guide; request for comment.,2026-08-20,,2026-09-21,Nuclear Regulatory Commission,NRC-2026-3301,https://www.federalregister.gov/documents/2026/08/20/2026-17030/draft-regulatory-guide-comprehensive-risk-metrics-and-associated-risk-performance-objectives-for,https://www.govinfo.gov/content/pkg/FR-2026-08-20/pdf/2026-17030.pdf,True
2026-17028,"Foreign-Trade Zone 7; Approval of Subzone Status; Venture Steel, Inc.; Bayamón, Puerto Rico",Notice,,2026-08-20,,,Commerce Department; Foreign-Trade Zones Board,S-291-2026,https://www.federalregister.gov/documents/2026/08/20/2026-17028/foreign-trade-zone-7-approval-of-subzone-status-venture-steel-inc-bayamn-puerto-rico,https://www.govinfo.gov/content/pkg/FR-2026-08-20/pdf/2026-17028.pdf,True
2026-17027,Agency Information Collection Activities; Proposed eCollection eComments Requested Extension of a Previously Approved Collection; Title-Annual Progress Report for the STOP Violence Against Women Formula Grant Program,Notice,60-Day notice.,2026-08-20,,2026-10-19,Justice Department,OMB Number: 1122-0003,https://www.federalregister.gov/documents/2026/08/20/2026-17027/agency-information-collection-activities-proposed-ecollection-ecomments-requested-extension-of-a,https://www.govinfo.gov/content/pkg/FR-2026-08-20/pdf/2026-17027.pdf,True
2026-17026,Arizona State University et al.: Application(s) for Duty-Free Entry of Scientific Instruments,Notice,,2026-08-20,,,Commerce Department; International Trade Administration,,https://www.federalregister.gov/documents/2026/08/20/2026-17026/arizona-state-university-et-al-applications-for-duty-free-entry-of-scientific-instruments,https://www.govinfo.gov/content/pkg/FR-2026-08-20/pdf/2026-17026.pdf,True
2026-17025,Agency Information Collection Activities; Proposed eCollection eComments Requested Extension of a Previously Approved Collection Title-STOP Match Calculation Worksheet,Notice,60-day Notice.,2026-08-20,,2026-10-19,Justice Department,OMB Number: 1122-0034,https://www.federalregister.gov/documents/2026/08/20/2026-17025/agency-information-collection-activities-proposed-ecollection-ecomments-requested-extension-of-a,https://www.govinfo.gov/content/pkg/FR-2026-08-20/pdf/2026-17025.pdf,True
2026-17024,Union Pacific Corporation and Union Pacific Railroad Company-Control-Norfolk Southern Corporation and Norfolk Southern Railway Company,Notice,Decision No. 30 in Docket No. FD 36873; removing the proceedings from abeyance; adopting a procedural schedule; directing the production of certain material; and ruling on a pending procedural request.,2026-08-20,2026-08-18,2027-03-29,Surface Transportation Board,Docket No. FD 36873,https://www.federalregister.gov/documents/2026/08/20/2026-17024/union-pacific-corporation-and-union-pacific-railroad-company-control-norfolk-southern-corporation,https://www.govinfo.gov/content/pkg/FR-2026-08-20/pdf/2026-17024.pdf,True
2026-17023,Presidential Declaration Amendment of a Major Disaster for Public Assistance Only for the State of Michigan,Notice,Amendment 1.,2026-08-20,,,Small Business Administration,Disaster Declaration #21673 and #21674; MICHIGAN Disaster Number MI-20046,https://www.federalregister.gov/documents/2026/08/20/2026-17023/presidential-declaration-amendment-of-a-major-disaster-for-public-assistance-only-for-the-state-of,https://www.govinfo.gov/content/pkg/FR-2026-08-20/pdf/2026-17023.pdf,True
2026-17022,"Foreign-Trade Zone 163; Approval of Subzone Status; Pompina Mayaguez LLC; Ponce, Puerto Rico",Notice,,2026-08-20,,,Commerce Department; Foreign-Trade Zones Board,S-306-2026,https://www.federalregister.gov/documents/2026/08/20/2026-17022/foreign-trade-zone-163-approval-of-subzone-status-pompina-mayaguez-llc-ponce-puerto-rico,https://www.govinfo.gov/content/pkg/FR-2026-08-20/pdf/2026-17022.pdf,True
2026-17021,Determination of Target Normal Cost and Funding Target for Single-Employer Defined Benefit Plans,Proposed Rule,Notice of proposed rulemaking.,2026-08-20,,,Treasury Department; Internal Revenue Service,REG-107855-25,https://www.federalregister.gov/documents/2026/08/20/2026-17021/determination-of-target-normal-cost-and-funding-target-for-single-employer-defined-benefit-plans,https://www.govinfo.gov/content/pkg/FR-2026-08-20/pdf/2026-17021.pdf,True
2026-17020,Presidential Declaration Amendment of a Major Disaster for Public Assistance Only for the State of Wisconsin,Notice,Amendment 1.,2026-08-20,,,Small Business Administration,Disaster Declaration #21670 and #21671; WISCONSIN Disaster Number WI-20009,https://www.federalregister.gov/documents/2026/08/20/2026-17020/presidential-declaration-amendment-of-a-major-disaster-for-public-assistance-only-for-the-state-of,https://www.govinfo.gov/content/pkg/FR-2026-08-20/pdf/2026-17020.pdf,True
2026-17019,Application of Section 250(b)(3)(A)(i)(VII) to Sales or Other Dispositions of Property,Proposed Rule,Notice of proposed rulemaking.,2026-08-20,,2026-10-05,Treasury Department; Internal Revenue Service,REG-117130-25,https://www.federalregister.gov/documents/2026/08/20/2026-17019/application-of-section-250b3aivii-to-sales-or-other-dispositions-of-property,https://www.govinfo.gov/content/pkg/FR-2026-08-20/pdf/2026-17019.pdf,True
2026-17018,"Filing Plats of Survey; New Mexico, Oklahoma",Notice,Notice of official filing.,2026-08-20,,,Interior Department; Land Management Bureau,"A2407-014-004-065516, #O2509-014-004-125222; LLNM931000",https://www.federalregister.gov/documents/2026/08/20/2026-17018/filing-plats-of-survey-new-mexico-oklahoma,https://www.govinfo.gov/content/pkg/FR-2026-08-20/pdf/2026-17018.pdf,True
2026-17017,Center for Scientific Review; Notice of Closed Meetings,Notice,,2026-08-20,,,Health and Human Services Department; National Institutes of Health,,https://www.federalregister.gov/documents/2026/08/20/2026-17017/center-for-scientific-review-notice-of-closed-meetings,https://www.govinfo.gov/content/pkg/FR-2026-08-20/pdf/2026-17017.pdf,True
2026-17016,Notice of Mission Authorization Pilot Program,Notice,Notice; request for expressions of interest in participating in mission authorization proposal pilot process.,2026-08-20,,2026-10-05,Commerce Department; National Oceanic and Atmospheric Administration,Docket No. 260818-0007; XRIN 0648-XA009,https://www.federalregister.gov/documents/2026/08/20/2026-17016/notice-of-mission-authorization-pilot-program,https://www.govinfo.gov/content/pkg/FR-2026-08-20/pdf/2026-17016.pdf,True
2026-17015,"Formations of, Acquisitions by, and Mergers of Bank Holding Companies",Notice,,2026-08-20,,,Federal Reserve System,,https://www.federalregister.gov/documents/2026/08/20/2026-17015/formations-of-acquisitions-by-and-mergers-of-bank-holding-companies,https://www.govinfo.gov/content/pkg/FR-2026-08-20/pdf/2026-17015.pdf,True
2026-17014,New Postal Products,Notice,Notice.,2026-08-20,,2026-08-25,Postal Regulatory Commission,Docket Nos. MC2026-348 and K2026-342,https://www.federalregister.gov/documents/2026/08/20/2026-17014/new-postal-products,https://www.govinfo.gov/content/pkg/FR-2026-08-20/pdf/2026-17014.pdf,True
2026-17013,Regulatory Guide: Acceptability of Probabilistic Risk Assessment Results for Non-Light Water Reactor Risk-Informed Activities,Notice,Trial guide; request for comment.,2026-08-20,,2026-10-19,Nuclear Regulatory Commission,NRC-2022-0052,https://www.federalregister.gov/documents/2026/08/20/2026-17013/regulatory-guide-acceptability-of-probabilistic-risk-assessment-results-for-non-light-water-reactor,https://www.govinfo.gov/content/pkg/FR-2026-08-20/pdf/2026-17013.pdf,True
2026-17011,Notice of Receipt of Complaint; Solicitation of Comments Relating to the Public Interest,Notice,Notice.,2026-08-20,,,International Trade Commission,,https://www.federalregister.gov/documents/2026/08/20/2026-17011/notice-of-receipt-of-complaint-solicitation-of-comments-relating-to-the-public-interest,https://www.govinfo.gov/content/pkg/FR-2026-08-20/pdf/2026-17011.pdf,True
2026-17010,Agency Information Collection Activities; Proposed Collection eComments Requested; Revision of a Previously Approved Collection; Application for Cancellation of Removal for Certain Permanent Residents (Form EOIR-42A); and Application for Cancellation of Removal and Adjustment of Status for Certain Nonpermanent Residents (Form EOIR-42B),Notice,60-Day notice.,2026-08-20,,2026-10-19,Justice Department,OMB Number 1125-0001,https://www.federalregister.gov/documents/2026/08/20/2026-17010/agency-information-collection-activities-proposed-collection-ecomments-requested-revision-of-a,https://www.govinfo.gov/content/pkg/FR-2026-08-20/pdf/2026-17010.pdf,True
2026-17009,Agency Information Collection Activities: Submission to OMB for Review and Approval; Public Comment Request; Black Lung Clinics Program Performance Measures,Notice,Notice.,2026-08-20,,2026-09-21,Health and Human Services Department; Health Resources and Services Administration,,https://www.federalregister.gov/documents/2026/08/20/2026-17009/agency-information-collection-activities-submission-to-omb-for-review-and-approval-public-comment,https://www.govinfo.gov/content/pkg/FR-2026-08-20/pdf/2026-17009.pdf,True
2026-17008,"Environmental Management Site-Specific Advisory Board, Northern New Mexico",Notice,Notice of open meeting.,2026-08-20,,,Energy Department,,https://www.federalregister.gov/documents/2026/08/20/2026-17008/environmental-management-site-specific-advisory-board-northern-new-mexico,https://www.govinfo.gov/content/pkg/FR-2026-08-20/pdf/2026-17008.pdf,True
2026-17007,"Special Local Regulation; North East, North East, MD",Rule,Temporary final rule.,2026-08-20,,,Homeland Security Department; Coast Guard,Docket Number USCG-2026-1086,https://www.federalregister.gov/documents/2026/08/20/2026-17007/special-local-regulation-north-east-north-east-md,https://www.govinfo.gov/content/pkg/FR-2026-08-20/pdf/2026-17007.pdf,True
2026-17006,Final Waiver and Extension of the Project Period With Funding for Arts in Education National Program,Rule,Final waiver and extension of project period with funding.,2026-08-20,2026-08-20,,Education Department,ED-2026-OESE-1783,https://www.federalregister.gov/documents/2026/08/20/2026-17006/final-waiver-and-extension-of-the-project-period-with-funding-for-arts-in-education-national-program,https://www.govinfo.gov/content/pkg/FR-2026-08-20/pdf/2026-17006.pdf,True
2026-17005,Privacy Act of 1974; System of Records,Notice,Notice of a new system of records.,2026-08-20,2026-08-20,,Health and Human Services Department; Centers for Medicare & Medicaid Services,,https://www.federalregister.gov/documents/2026/08/20/2026-17005/privacy-act-of-1974-system-of-records,https://www.govinfo.gov/content/pkg/FR-2026-08-20/pdf/2026-17005.pdf,True
2026-17004,Notice of Rail Energy Transportation Advisory Committee Vacancies,Notice,Notice of vacancies on federal advisory committee and solicitation of nominations.,2026-08-20,,,Surface Transportation Board,Docket No. EP 670 (Sub-No. 2),https://www.federalregister.gov/documents/2026/08/20/2026-17004/notice-of-rail-energy-transportation-advisory-committee-vacancies,https://www.govinfo.gov/content/pkg/FR-2026-08-20/pdf/2026-17004.pdf,True
2026-17003,Magnuson-Stevens Act Provisions; Fisheries Off West Coast States; Pacific Coast Groundfish Fishery; 2025-2026 Biennial Specifications and Management Measures; Inseason Adjustments,Rule,Final rule; inseason adjustments to biennial groundfish management measures.,2026-08-20,2026-08-20,,Commerce Department; National Oceanic and Atmospheric Administration,Docket No. 241022-0278; RIN 0648-BO14,https://www.federalregister.gov/documents/2026/08/20/2026-17003/magnuson-stevens-act-provisions-fisheries-off-west-coast-states-pacific-coast-groundfish-fishery,https://www.govinfo.gov/content/pkg/FR-2026-08-20/pdf/2026-17003.pdf,True
2026-17002,First Responder Network Authority Combined Board and Board Committees Meeting,Notice,Announcement of meeting.,2026-08-20,,,Commerce Department; National Telecommunications and Information Administration,,https://www.federalregister.gov/documents/2026/08/20/2026-17002/first-responder-network-authority-combined-board-and-board-committees-meeting,https://www.govinfo.gov/content/pkg/FR-2026-08-20/pdf/2026-17002.pdf,True
2026-17001,"Accreditation, Innovation, and Modernization: The Secretary's Recognition of Accrediting Agencies: Institutional Eligibility Under the Higher Education Act of 1965, as Amended, Student Assistance General Provisions",Proposed Rule,Notice of proposed rulemaking (NPRM).,2026-08-20,,2026-09-21,Education Department,Docket ID ED-2025-OPE-1042,https://www.federalregister.gov/documents/2026/08/20/2026-17001/accreditation-innovation-and-modernization-the-secretarys-recognition-of-accrediting-agencies,https://www.govinfo.gov/content/pkg/FR-2026-08-20/pdf/2026-17001.pdf,True
2026-17000,Notice of Request for Clearance of a New Information Collection: Intermodal Freight Facilities Air-to-Truck and Mail Cargo Geospatial Data Update,Notice,Notice and request for comments.,2026-08-20,,2026-10-19,Transportation Department; Transportation Statistics Bureau,Docket No. RITA-2026-0001,https://www.federalregister.gov/documents/2026/08/20/2026-17000/notice-of-request-for-clearance-of-a-new-information-collection-intermodal-freight-facilities,https://www.govinfo.gov/content/pkg/FR-2026-08-20/pdf/2026-17000.pdf,True
2026-16999,Advisory Committee; Cardiovascular and Renal Drugs Advisory Committee; Renewal,Notice,Notice; renewal of Federal advisory committee.,2026-08-20,,,Health and Human Services Department; Food and Drug Administration,Docket No. FDA-2026-N-0008,https://www.federalregister.gov/documents/2026/08/20/2026-16999/advisory-committee-cardiovascular-and-renal-drugs-advisory-committee-renewal,https://www.govinfo.gov/content/pkg/FR-2026-08-20/pdf/2026-16999.pdf,True
2026-16998,Advisory Committee; Endocrinologic and Metabolic Drugs Advisory Committee; Renewal,Notice,Notice; renewal of Federal advisory committee.,2026-08-20,,,Health and Human Services Department; Food and Drug Administration,Docket No. FDA-2026-N-0008,https://www.federalregister.gov/documents/2026/08/20/2026-16998/advisory-committee-endocrinologic-and-metabolic-drugs-advisory-committee-renewal,https://www.govinfo.gov/content/pkg/FR-2026-08-20/pdf/2026-16998.pdf,True
2026-16997,Information Collection Being Reviewed by the Federal Communications Commission Under Delegated Authority,Notice,Notice; request for comments.,2026-08-20,,2026-10-19,Federal Communications Commission,OMB 3060-0800; FR ID 362770,https://www.federalregister.gov/documents/2026/08/20/2026-16997/information-collection-being-reviewed-by-the-federal-communications-commission-under-delegated,https://www.govinfo.gov/content/pkg/FR-2026-08-20/pdf/2026-16997.pdf,True
2026-16996,Information Collection Being Reviewed by the Federal Communications Commission,Notice,Notice; request for comments.,2026-08-20,,2026-10-19,Federal Communications Commission,OMB 3060-XXXX; FR ID 362766,https://www.federalregister.gov/documents/2026/08/20/2026-16996/information-collection-being-reviewed-by-the-federal-communications-commission,https://www.govinfo.gov/content/pkg/FR-2026-08-20/pdf/2026-16996.pdf,True
2026-16995,Information Collection Being Submitted to the Office of Management and Budget for Emergency Review and Approval,Notice,Notice; request for comments.,2026-08-20,,2026-09-21,Federal Communications Commission,OMB 3060-1272; FR ID 362738,https://www.federalregister.gov/documents/2026/08/20/2026-16995/information-collection-being-submitted-to-the-office-of-management-and-budget-for-emergency-review,https://www.govinfo.gov/content/pkg/FR-2026-08-20/pdf/2026-16995.pdf,True
2026-16994,Proposed Deletion From the National Priorities List,Proposed Rule,Proposed rule; notice of intent.,2026-08-20,,2026-09-21,Environmental Protection Agency,EPA-HQ-OLEM-2025-2499; EPA-HQ-OLEM-2026-3994; EPA-HQ-OLEM-2026-4886; FRL-13464-01-OLEM,https://www.federalregister.gov/documents/2026/08/20/2026-16994/proposed-deletion-from-the-national-priorities-list,https://www.govinfo.gov/content/pkg/FR-2026-08-20/pdf/2026-16994.pdf,True
2026-16993,Information Collections Being Reviewed by the Federal Communications Commission Under Delegated Authority,Notice,Notice; request for comments.,2026-08-20,,2026-10-19,Federal Communications Commission,OMB 3060-0386; OMB 3060-0609; OMB 3060-1103; OMB 3060-1320; FR ID 362822,https://www.federalregister.gov/documents/2026/08/20/2026-16993/information-collections-being-reviewed-by-the-federal-communications-commission-under-delegated,https://www.govinfo.gov/content/pkg/FR-2026-08-20/pdf/2026-16993.pdf,True
2026-16992,Agency Information Collection Activities; Coal Management,Notice,Notice of information collection; request for comment.,2026-08-20,,2026-10-19,Interior Department; Land Management Bureau,"A2407-014-004-065516, #O2509-014-004-125222; LLHQ320000L13200000",https://www.federalregister.gov/documents/2026/08/20/2026-16992/agency-information-collection-activities-coal-management,https://www.govinfo.gov/content/pkg/FR-2026-08-20/pdf/2026-16992.pdf,True
2026-16991,Extension of Agency Information Collection Activity Under OMB Review: Security Threat Assessment for Individuals Applying for a Hazardous Materials Endorsement for a Commercial Driver's License,Notice,30-Day notice.,2026-08-20,,2026-09-21,Homeland Security Department; Transportation Security Administration,Docket No. TSA-2003-14610,https://www.federalregister.gov/documents/2026/08/20/2026-16991/extension-of-agency-information-collection-activity-under-omb-review-security-threat-assessment-for,https://www.govinfo.gov/content/pkg/FR-2026-08-20/pdf/2026-16991.pdf,True
2026-16990,Air Plan Approval; SC; Department Name Change,Rule,Final rule.,2026-08-20,2026-09-21,,Environmental Protection Agency,EPA-R04-OAR-2025-3625; FRL-13296-02-R4,https://www.federalregister.gov/documents/2026/08/20/2026-16990/air-plan-approval-sc-department-name-change,https://www.govinfo.gov/content/pkg/FR-2026-08-20/pdf/2026-16990.pdf,True
2026-16989,Air Plan Approval; Arizona; Attainment Plan for the Hayden SO2 Nonattainment Area for the 1971 and 2010 Sulfur Dioxide National Ambient Air Quality Standards,Rule,Final rule.,2026-08-20,2026-09-21,,Environmental Protection Agency,EPA-R09-OAR-2025-3821; FRL-13144-02-R9,https://www.federalregister.gov/documents/2026/08/20/2026-16989/air-plan-approval-arizona-attainment-plan-for-the-hayden-so2-nonattainment-area-for-the-1971-and,https://www.govinfo.gov/content/pkg/FR-2026-08-20/pdf/2026-16989.pdf,True
2026-16988,Deletion From the National Priorities List,Rule,Final rule.,2026-08-20,2026-08-20,,Environmental Protection Agency,EPA-HQ-OLEM-2025-0182; EPA-HQ-OLEM-2025-1146; EPA-HQ-OLEM-2025-3819; EPA-HQ-OLEM-2026-0001; EPA-HQ-OLEM-2026-0002; EPA-HQ-OLEM-2026-0003; EPA-HQ-OLEM-2026-0004; EPA-HQ-OLEM-2026-0166; FRL-13154-02-OLEM,https://www.federalregister.gov/documents/2026/08/20/2026-16988/deletion-from-the-national-priorities-list,https://www.govinfo.gov/content/pkg/FR-2026-08-20/pdf/2026-16988.pdf,True
2026-16987,"Agency Information Collection Activities: Submission for OMB Review, Comment Request; Approval and Coordination of Requirements To Use the NETC for Extracurricular and Training Activities",Notice,30-Day notice of extension and request for comments.,2026-08-20,,2026-09-21,Homeland Security Department; Federal Emergency Management Agency,Docket ID: FEMA-2026-0133; OMB No. 1660-0029,https://www.federalregister.gov/documents/2026/08/20/2026-16987/agency-information-collection-activities-submission-for-omb-review-comment-request-approval-and,https://www.govinfo.gov/content/pkg/FR-2026-08-20/pdf/2026-16987.pdf,True
2026-16986,Air Plan Approval; Wisconsin; Moderate Attainment Plan Elements for Wisconsin's 2015 Ozone Standard Areas,Rule,Final rule.,2026-08-20,2026-09-21,,Environmental Protection Agency,EPA-R05-OAR-2025-0169; EPA-R05-OAR-2025-0170; EPA-R05-OAR-2025-0171; FRL-13164-02-R5,https://www.federalregister.gov/documents/2026/08/20/2026-16986/air-plan-approval-wisconsin-moderate-attainment-plan-elements-for-wisconsins-2015-ozone-standard,https://www.govinfo.gov/content/pkg/FR-2026-08-20/pdf/2026-16986.pdf,True
2026-16985,Application of the Personal Responsibility and Work Opportunity Reconciliation Act of 1996 to the Refunded Portion of Certain Federal Refundable Tax Credits,Proposed Rule,Notice of proposed rulemaking and notice of public hearing.,2026-08-20,,2026-10-05,Treasury Department; Internal Revenue Service,REG-119882-25,https://www.federalregister.gov/documents/2026/08/20/2026-16985/application-of-the-personal-responsibility-and-work-opportunity-reconciliation-act-of-1996-to-the,https://www.govinfo.gov/content/pkg/FR-2026-08-20/pdf/2026-16985.pdf,True
2026-16984,"Information Collection; Improving Customer Experience (OMB Circular A-11, Section 280 Implementation)",Notice,Notice; request for comment.,2026-08-20,,2026-10-19,National Science Foundation,,https://www.federalregister.gov/documents/2026/08/20/2026-16984/information-collection-improving-customer-experience-omb-circular-a-11-section-280-implementation,https://www.govinfo.gov/content/pkg/FR-2026-08-20/pdf/2026-16984.pdf,True
2026-16983,"Allwin Powersports Corp., Receipt of Petition for Decision of Inconsequential Noncompliance",Notice,Receipt of petition.,2026-08-20,,2026-09-21,Transportation Department; National Highway Traffic Safety Administration,Docket No. NHTSA-2026-0500; Notice 1,https://www.federalregister.gov/documents/2026/08/20/2026-16983/allwin-powersports-corp-receipt-of-petition-for-decision-of-inconsequential-noncompliance,https://www.govinfo.gov/content/pkg/FR-2026-08-20/pdf/2026-16983.pdf,True
2026-16982,Wagner-Peyser Act Employment Service Staffing,Rule,Final rule.,2026-08-20,2026-10-19,,Labor Department; Employment and Training Administration,Docket ETA-2025-0005,https://www.federalregister.gov/documents/2026/08/20/2026-16982/wagner-peyser-act-employment-service-staffing,https://www.govinfo.gov/content/pkg/FR-2026-08-20/pdf/2026-16982.pdf,True
2026-16981,"Application for Relief From Disabilities Imposed by Federal Laws With Respect to the Acquisition, Receipt, Transfer, Shipment, Transportation, or Possession of Firearms",Rule,Final rule.,2026-08-20,2026-09-21,,"Justice Department; Alcohol, Tobacco, Firearms, and Explosives Bureau; ",Docket No. OAG191; AG Order No. 7109-2026,https://www.federalregister.gov/documents/2026/08/20/2026-16981/application-for-relief-from-disabilities-imposed-by-federal-laws-with-respect-to-the-acquisition,https://www.govinfo.gov/content/pkg/FR-2026-08-20/pdf/2026-16981.pdf,True
2026-16980,Privacy Act of 1974; System of Records,Notice,Notice of a modified system of records.,2026-08-20,,2026-09-21,General Services Administration,Notice-IEB-2026-04; Docket No. 2026-0002; Sequence No. 07,https://www.federalregister.gov/documents/2026/08/20/2026-16980/privacy-act-of-1974-system-of-records,https://www.govinfo.gov/content/pkg/FR-2026-08-20/pdf/2026-16980.pdf,True
2026-16978,Combined Notice of Filings,Notice,,2026-08-20,,,Energy Department; Federal Energy Regulatory Commission,,https://www.federalregister.gov/documents/2026/08/20/2026-16978/combined-notice-of-filings,https://www.govinfo.gov/content/pkg/FR-2026-08-20/pdf/2026-16978.pdf,True
2026-16977,Combined Notice of Filings #1,Notice,,2026-08-20,,,Energy Department; Federal Energy Regulatory Commission,,https://www.federalregister.gov/documents/2026/08/20/2026-16977/combined-notice-of-filings-1,https://www.govinfo.gov/content/pkg/FR-2026-08-20/pdf/2026-16977.pdf,True
2026-16976,Receipt of Pesticide Petitions Filed for Residues of Pesticide Chemicals in or on Various Commodities-June 2026,Proposed Rule,Notice of filing of petitions and request for comment.,2026-08-20,,2026-09-21,Environmental Protection Agency,EPA-HQ-OPP-2026-0332; FRL-13201-06-OCSPP,https://www.federalregister.gov/documents/2026/08/20/2026-16976/receipt-of-pesticide-petitions-filed-for-residues-of-pesticide-chemicals-in-or-on-various,https://www.govinfo.gov/content/pkg/FR-2026-08-20/pdf/2026-16976.pdf,True
2026-16975,"Long Mott Energy, LLC; Long Mott Generating Station; Notice of Hearing",Notice,Construction permit application; notice of uncontested hearing.,2026-08-20,,,Nuclear Regulatory Commission,Docket No. 05-614; NRC-2025-0079,https://www.federalregister.gov/documents/2026/08/20/2026-16975/long-mott-energy-llc-long-mott-generating-station-notice-of-hearing,https://www.govinfo.gov/content/pkg/FR-2026-08-20/pdf/2026-16975.pdf,True
2026-16974,Pesticide Product Registration; Receipt of Applications for New Active Ingredients (June 2026),Notice,Notice of receipt and request for comment.,2026-08-20,,2026-09-21,Environmental Protection Agency,EPA-HQ-OPP-2026-0333; FRL-13200-06-OCSPP,https://www.federalregister.gov/documents/2026/08/20/2026-16974/pesticide-product-registration-receipt-of-applications-for-new-active-ingredients-june-2026,https://www.govinfo.gov/content/pkg/FR-2026-08-20/pdf/2026-16974.pdf,True
2026-16973,Cypermethrin; Pesticide Tolerance(s),Rule,Final rule.,2026-08-20,2026-08-20,,Environmental Protection Agency,EPA-HQ-OPP-20-0548; FRL-13489-01-OCSPP,https://www.federalregister.gov/documents/2026/08/20/2026-16973/cypermethrin-pesticide-tolerances,https://www.govinfo.gov/content/pkg/FR-2026-08-20/pdf/2026-16973.pdf,True
2026-16972,National Register of Historic Places; Notification of Pending Nominations and Related Actions,Notice,Notice.,2026-08-20,,2026-09-04,Interior Department; National Park Service,"NPS-WASO-NRNHL-DTS#-43546; PPWOCRADI0, PCU00RP14.R50000",https://www.federalregister.gov/documents/2026/08/20/2026-16972/national-register-of-historic-places-notification-of-pending-nominations-and-related-actions,https://www.govinfo.gov/content/pkg/FR-2026-08-20/pdf/2026-16972.pdf,True
2026-16971,Pesticide Product Registration; Receipt of Applications for New Uses (June 2026),Notice,Notice of receipt and request for comment.,2026-08-20,,2026-09-21,Environmental Protection Agency,EPA-HQ-OPP-2026-0334; FRL-13199-06-OCSPP,https://www.federalregister.gov/documents/2026/08/20/2026-16971/pesticide-product-registration-receipt-of-applications-for-new-uses-june-2026,https://www.govinfo.gov/content/pkg/FR-2026-08-20/pdf/2026-16971.pdf,True
2026-16970,Agency Information Collection Activities: Requests for Comments; Clearance of a Renewed Approval of Information Collection: Flight Attendant Fatigue Risk Management Plan,Notice,Notice and request for comments.,2026-08-20,,2026-09-21,Transportation Department; Federal Aviation Administration,Docket No. FAA-2026-4951,https://www.federalregister.gov/documents/2026/08/20/2026-16970/agency-information-collection-activities-requests-for-comments-clearance-of-a-renewed-approval-of,https://www.govinfo.gov/content/pkg/FR-2026-08-20/pdf/2026-16970.pdf,True
2026-16969,"60-Day Notice of Proposed Information Collection: Improving Customer Experience (OMB Circular A-11, Section 280 Implementation)",Notice,Notice; request for comment.,2026-08-20,,2026-10-19,State Department,Public Notice: 12903,https://www.federalregister.gov/documents/2026/08/20/2026-16969/60-day-notice-of-proposed-information-collection-improving-customer-experience-omb-circular-a-11,https://www.govinfo.gov/content/pkg/FR-2026-08-20/pdf/2026-16969.pdf,True
2026-16968,Submission for OMB Review; Comments Request,Notice,Notice of information collection; request for comment.,2026-08-20,,2026-09-21,U.S. International Development Finance Corporation,DFC-003,https://www.federalregister.gov/documents/2026/08/20/2026-16968/submission-for-omb-review-comments-request,https://www.govinfo.gov/content/pkg/FR-2026-08-20/pdf/2026-16968.pdf,True
2026-16967,Revising HUD's Noise Abatement and Control Regulations; Correcting Amendment,Rule,Correcting amendment.,2026-08-20,2026-08-20,,Housing and Urban Development Department,Docket No. FR-6581-C-02,https://www.federalregister.gov/documents/2026/08/20/2026-16967/revising-huds-noise-abatement-and-control-regulations-correcting-amendment,https://www.govinfo.gov/content/pkg/FR-2026-08-20/pdf/2026-16967.pdf,True
2026-16966,Procurement List; Additions and Deletions,Notice,Additions to and deletions from the Procurement List.,2026-08-20,,,Committee for Purchase From People Who Are Blind or Severely Disabled,,https://www.federalregister.gov/documents/2026/08/20/2026-16966/procurement-list-additions-and-deletions,https://www.govinfo.gov/content/pkg/FR-2026-08-20/pdf/2026-16966.pdf,True
2026-16965,Special Areas; Roadless Area Conservation,Proposed Rule,Proposed rule; request for public comment.,2026-08-20,,2026-09-21,Agriculture Department; Forest Service,,https://www.federalregister.gov/documents/2026/08/20/2026-16965/special-areas-roadless-area-conservation,https://www.govinfo.gov/content/pkg/FR-2026-08-20/pdf/2026-16965.pdf,True
2026-16964,Procurement List; Proposed Additions and Deletions,Notice,Proposed additions to and deletions from the Procurement List.,2026-08-20,,2026-09-19,Committee for Purchase From People Who Are Blind or Severely Disabled,,https://www.federalregister.gov/documents/2026/08/20/2026-16964/procurement-list-proposed-additions-and-deletions,https://www.govinfo.gov/content/pkg/FR-2026-08-20/pdf/2026-16964.pdf,True
2026-16963,Tribal Intergovernmental Advisory Committee (TIAC) Fall 2026 Meeting,Notice,Notice.,2026-08-20,,,Housing and Urban Development Department,Docket No. FR-6560-N-03,https://www.federalregister.gov/documents/2026/08/20/2026-16963/tribal-intergovernmental-advisory-committee-tiac-fall-2026-meeting,https://www.govinfo.gov/content/pkg/FR-2026-08-20/pdf/2026-16963.pdf,True
2026-16962,Codex Alimentarius Commission: Meeting of the Codex Committee on Pesticide Residues,Notice,Notice of public meeting and request for comments.,2026-08-20,,,Agriculture Department; U.S. Codex Office,,https://www.federalregister.gov/documents/2026/08/20/2026-16962/codex-alimentarius-commission-meeting-of-the-codex-committee-on-pesticide-residues,https://www.govinfo.gov/content/pkg/FR-2026-08-20/pdf/2026-16962.pdf,True
2026-16961,Airworthiness Directives; Dassault Aviation Airplanes,Proposed Rule,Notice of proposed rulemaking (NPRM).,2026-08-20,,2026-10-05,Transportation Department; Federal Aviation Administration,Docket No. FAA-2026-8785; Project Identifier MCAI-2026-00073-T,https://www.federalregister.gov/documents/2026/08/20/2026-16961/airworthiness-directives-dassault-aviation-airplanes,https://www.govinfo.gov/content/pkg/FR-2026-08-20/pdf/2026-16961.pdf,True
2026-16960,Potency Assessment of Active Immunotherapy Products; Draft Guidance for Industry; Availability,Notice,Notice of availability.,2026-08-20,,2026-11-18,Health and Human Services Department; Food and Drug Administration,Docket No. FDA-2026-D-8561,https://www.federalregister.gov/documents/2026/08/20/2026-16960/potency-assessment-of-active-immunotherapy-products-draft-guidance-for-industry-availability,https://www.govinfo.gov/content/pkg/FR-2026-08-20/pdf/2026-16960.pdf,True
2026-16959,Frequently Asked Questions-Developing Potential Cellular and Gene Therapy Products; Final Guidance for Industry; Availability,Notice,Notice of availability.,2026-08-20,,,Health and Human Services Department; Food and Drug Administration,Docket No. FDA-2024-D-4311,https://www.federalregister.gov/documents/2026/08/20/2026-16959/frequently-asked-questions-developing-potential-cellular-and-gene-therapy-products-final-guidance,https://www.govinfo.gov/content/pkg/FR-2026-08-20/pdf/2026-16959.pdf,True
2026-16958,Center or Scientific Review; Notice of Closed Meetings,Notice,,2026-08-20,,,Health and Human Services Department; National Institutes of Health,,https://www.federalregister.gov/documents/2026/08/20/2026-16958/center-or-scientific-review-notice-of-closed-meetings,https://www.govinfo.gov/content/pkg/FR-2026-08-20/pdf/2026-16958.pdf,True
2026-16957,Center for Scientific Review; Notice of Closed Meetings,Notice,,2026-08-20,,,Health and Human Services Department; National Institutes of Health,,https://www.federalregister.gov/documents/2026/08/20/2026-16957/center-for-scientific-review-notice-of-closed-meetings,https://www.govinfo.gov/content/pkg/FR-2026-08-20/pdf/2026-16957.pdf,True
2026-16956,Airworthiness Directives; Rolls-Royce Deutschland Ltd & Co KG Engines,Proposed Rule,Notice of proposed rulemaking (NPRM).,2026-08-20,,2026-10-05,Transportation Department; Federal Aviation Administration,Docket No. FAA-2026-8783; Project Identifier MCAI-2025-01768-E,https://www.federalregister.gov/documents/2026/08/20/2026-16956/airworthiness-directives-rolls-royce-deutschland-ltd-and-co-kg-engines,https://www.govinfo.gov/content/pkg/FR-2026-08-20/pdf/2026-16956.pdf,True
2026-16955,Administrative Disaster Declaration of a Rural Area for the Commonwealth of Northern Mariana Islands,Notice,Notice.,2026-08-20,,,Small Business Administration,Disaster Declaration #21787 and #21788; NORTHERN MARIANA ISLANDS Disaster Number MP-20004,https://www.federalregister.gov/documents/2026/08/20/2026-16955/administrative-disaster-declaration-of-a-rural-area-for-the-commonwealth-of-northern-mariana-islands,https://www.govinfo.gov/content/pkg/FR-2026-08-20/pdf/2026-16955.pdf,True
2026-16954,Airworthiness Directives; International Aero Engines AG Engines,Rule,Final rule.,2026-08-20,2026-09-24,,Transportation Department; Federal Aviation Administration,Docket No. FAA-2025-2555; Project Identifier AD-2025-00433-E; Amendment 39-23446; AD 2026-17-03,https://www.federalregister.gov/documents/2026/08/20/2026-16954/airworthiness-directives-international-aero-engines-ag-engines,https://www.govinfo.gov/content/pkg/FR-2026-08-20/pdf/2026-16954.pdf,True
2026-16953,Administrative Disaster Declaration of a Rural Area for the State of Nebraska,Notice,Notice.,2026-08-20,,,Small Business Administration,Disaster Declaration #21785 and #21786; NEBRASKA Disaster Number NE-20026,https://www.federalregister.gov/documents/2026/08/20/2026-16953/administrative-disaster-declaration-of-a-rural-area-for-the-state-of-nebraska,https://www.govinfo.gov/content/pkg/FR-2026-08-20/pdf/2026-16953.pdf,True
2026-16952,Administrative Declaration of an Economic Injury Disaster for the State of California,Notice,Notice.,2026-08-20,,,Small Business Administration,Disaster Declaration #21789; CALIFORNIA Disaster Number CA-20045 Declaration of Economic Injury,https://www.federalregister.gov/documents/2026/08/20/2026-16952/administrative-declaration-of-an-economic-injury-disaster-for-the-state-of-california,https://www.govinfo.gov/content/pkg/FR-2026-08-20/pdf/2026-16952.pdf,True
2026-16951,"Self-Regulatory Organizations; Cboe C2 Exchange, Inc.; Notice of Filing and Immediate Effectiveness of a Proposed Rule Change To Amend Its Fees Schedule Regarding Certain Free Trials",Notice,,2026-08-20,,,Securities and Exchange Commission,Release No. 34-106149; File No. SR-C2-2026-020,https://www.federalregister.gov/documents/2026/08/20/2026-16951/self-regulatory-organizations-cboe-c2-exchange-inc-notice-of-filing-and-immediate-effectiveness-of-a,https://www.govinfo.gov/content/pkg/FR-2026-08-20/pdf/2026-16951.pdf,True
2026-16950,"Self-Regulatory Organizations; Cboe EDGX Exchange, Inc.; Notice of Filing and Immediate Effectiveness of a Proposed Rule Change To Amend Its Fees Schedule Regarding Certain Free Trials",Notice,,2026-08-20,,,Securities and Exchange Commission,Release No. 34-106148; File No. SR-CboeEDGX-2026-052,https://www.federalregister.gov/documents/2026/08/20/2026-16950/self-regulatory-organizations-cboe-edgx-exchange-inc-notice-of-filing-and-immediate-effectiveness-of,https://www.govinfo.gov/content/pkg/FR-2026-08-20/pdf/2026-16950.pdf,True
2026-16949,"Self-Regulatory Organizations; Cboe BZX Exchange, Inc.; Notice of Filing and Immediate Effectiveness of a Proposed Rule Change To Amend Its Fees Schedule Regarding Certain Free Trials",Notice,,2026-08-20,,,Securities and Exchange Commission,Release No. 34-106147; File No. SR-CboeBZX-2026-064,https://www.federalregister.gov/documents/2026/08/20/2026-16949/self-regulatory-organizations-cboe-bzx-exchange-inc-notice-of-filing-and-immediate-effectiveness-of,https://www.govinfo.gov/content/pkg/FR-2026-08-20/pdf/2026-16949.pdf,True
2026-16948,"Self-Regulatory Organizations; Cboe Exchange, Inc.; Notice of Filing and Immediate Effectiveness of a Proposed Rule Change To Amend Its Fees Schedule Regarding Certain Free Trials",Notice,,2026-08-20,,,Securities and Exchange Commission,Release No. 34-106146; File No. SR-CBOE-2026-073,https://www.federalregister.gov/documents/2026/08/20/2026-16948/self-regulatory-organizations-cboe-exchange-inc-notice-of-filing-and-immediate-effectiveness-of-a,https://www.govinfo.gov/content/pkg/FR-2026-08-20/pdf/2026-16948.pdf,True
2026-16947,"Self-Regulatory Organizations; Nasdaq Texas, LLC; Notice of Filing and Immediate Effectiveness of Proposed Rule Change To Amend the Exchange's Connectivity Schedule and Discontinue a Previously Proposed Offering",Notice,,2026-08-20,,,Securities and Exchange Commission,Release No. 34-106145; File No. SR-NasdaqTX-2026-038,https://www.federalregister.gov/documents/2026/08/20/2026-16947/self-regulatory-organizations-nasdaq-texas-llc-notice-of-filing-and-immediate-effectiveness-of,https://www.govinfo.gov/content/pkg/FR-2026-08-20/pdf/2026-16947.pdf,True
2026-16946,Self-Regulatory Organizations; Nasdaq PHLX LLC; Notice of Filing and Immediate Effectiveness of Proposed Rule Change To Amend the Exchange's Connectivity Schedule and Discontinue a Previously Proposed Offering,Notice,,2026-08-20,,,Securities and Exchange Commission,Release No. 34-106143; File No. SR-Phlx-2026-53,https://www.federalregister.gov/documents/2026/08/20/2026-16946/self-regulatory-organizations-nasdaq-phlx-llc-notice-of-filing-and-immediate-effectiveness-of,https://www.govinfo.gov/content/pkg/FR-2026-08-20/pdf/2026-16946.pdf,True
2026-16945,Self-Regulatory Organizations; The Nasdaq Stock Market LLC; Notice of Filing and Immediate Effectiveness of Proposed Rule Change To Amend the Exchange's Connectivity Schedule and Discontinue a Previously Proposed Offering,Notice,,2026-08-20,,,Securities and Exchange Commission,Release No. 34-106142; File No. SR-NASDAQ-2026-066,https://www.federalregister.gov/documents/2026/08/20/2026-16945/self-regulatory-organizations-the-nasdaq-stock-market-llc-notice-of-filing-and-immediate,https://www.govinfo.gov/content/pkg/FR-2026-08-20/pdf/2026-16945.pdf,True
2026-16941,"Submission for Review: 3206-0156, Application for Death Benefits Under the Civil Service Retirement System, (SF 2800); Documentation in Support of Application for Death Benefits When Deceased was an Employee at the Time of Death, (SF 2800A) and Applying for Death Benefits Under CSRS Pamphlet, (SF 2800-1)",Notice,60-Day notice and request for comments.,2026-08-20,,2026-10-19,Personnel Management Office,,https://www.federalregister.gov/documents/2026/08/20/2026-16941/submission-for-review-3206-0156-application-for-death-benefits-under-the-civil-service-retirement,https://www.govinfo.gov/content/pkg/FR-2026-08-20/pdf/2026-16941.pdf,True
2026-16940,"Submission for Review: 3206-0275, Application for Court-Ordered Benefits for Former Spouses, Standard Form 3119",Notice,60-Day notice and request for comments.,2026-08-20,,2026-10-19,Personnel Management Office,,https://www.federalregister.gov/documents/2026/08/20/2026-16940/submission-for-review-3206-0275-application-for-court-ordered-benefits-for-former-spouses-standard,https://www.govinfo.gov/content/pkg/FR-2026-08-20/pdf/2026-16940.pdf,True
2026-16938,"Proposed Settlement Agreement, Unreasonable Delay Claim Regarding Natural Resources Defense Council's Petition To Revoke Tolerances for Neonicotinoid Pesticides",Notice,Notice of proposed settlement agreement; request for public comment.,2026-08-20,,2026-09-21,Environmental Protection Agency,EPA-HQ-OGC-2026-6172; FRL-13572-01-OGC,https://www.federalregister.gov/documents/2026/08/20/2026-16938/proposed-settlement-agreement-unreasonable-delay-claim-regarding-natural-resources-defense-councils,https://www.govinfo.gov/content/pkg/FR-2026-08-20/pdf/2026-16938.pdf,True
2026-16936,Eagle Point Credit Management LLC and Eagle Point Trinity Senior Secured Lending Company,Notice,Notice.,2026-08-20,,,Securities and Exchange Commission,Investment Company Act Release No. 36302; File No. 812-16021,https://www.federalregister.gov/documents/2026/08/20/2026-16936/eagle-point-credit-management-llc-and-eagle-point-trinity-senior-secured-lending-company,https://www.govinfo.gov/content/pkg/FR-2026-08-20/pdf/2026-16936.pdf,True
2026-16935,"Clearlake Private Markets Fund and Clearlake Capital RIC Management, LLC",Notice,Notice.,2026-08-20,,,Securities and Exchange Commission,Investment Company Act Release No. 36301; File No. 812-16056,https://www.federalregister.gov/documents/2026/08/20/2026-16935/clearlake-private-markets-fund-and-clearlake-capital-ric-management-llc,https://www.govinfo.gov/content/pkg/FR-2026-08-20/pdf/2026-16935.pdf,True
2026-16934,"Valued Advisers Trust and Alaia Capital, LLC",Notice,Notice.,2026-08-20,,,Securities and Exchange Commission,Investment Company Act Release No. 36300; 812-16062,https://www.federalregister.gov/documents/2026/08/20/2026-16934/valued-advisers-trust-and-alaia-capital-llc,https://www.govinfo.gov/content/pkg/FR-2026-08-20/pdf/2026-16934.pdf,True
2026-16933,Privacy Act of 1974; System of Records,Notice,Delay of the effective date of the new routine use under modified system of records.,2026-08-20,2026-06-23,2026-08-11,Health and Human Services Department; Children and Families Administration,,https://www.federalregister.gov/documents/2026/08/20/2026-16933/privacy-act-of-1974-system-of-records,https://www.govinfo.gov/content/pkg/FR-2026-08-20/pdf/2026-16933.pdf,True
2026-16931,Nominations Request for the Good Neighbor Environmental Board,Notice,Notice.,2026-08-20,,2026-10-05,Environmental Protection Agency,FRL-13575-01-OA,https://www.federalregister.gov/documents/2026/08/20/2026-16931/nominations-request-for-the-good-neighbor-environmental-board,https://www.govinfo.gov/content/pkg/FR-2026-08-20/pdf/2026-16931.pdf,True
2026-16929,"EnergySolutions, LLC and Bridgepoint Group, PLC; Approval of Transfer of Licenses",Notice,Order; issuance.,2026-08-20,,,Nuclear Regulatory Commission,"Docket Nos. 30-39013, 30-38619, 50-305, 50-320, 72-64, 72-80, 11005620 and 11005897; NRC-2026-2707",https://www.federalregister.gov/documents/2026/08/20/2026-16929/energysolutions-llc-and-bridgepoint-group-plc-approval-of-transfer-of-licenses,https://www.govinfo.gov/content/pkg/FR-2026-08-20/pdf/2026-16929.pdf,True
